id,city,type,squareMeters,rooms,floor,floorCount,buildYear,latitude,longitude,centreDistance,poiCount,schoolDistance,clinicDistance,postOfficeDistance,kindergartenDistance,restaurantDistance,collegeDistance,pharmacyDistance,ownership,buildingMaterial,condition,hasParkingSpace,hasBalcony,hasElevator,hasSecurity,hasStorageRoom,price
2f1b51e7dfc20eff3ece98dadc167ba6,krakow,blockOfFlats,45.0,2.0,,,,50.077305844033,20.0462339381123,8.07,27.0,0.095,1.282,0.237,0.18,0.224,0.885,0.089,condominium,,,no,no,no,no,yes,610000
f13533bcf372b8820049ab882b852251,krakow,,33.0,2.0,1.0,4.0,1980.0,50.0960604255749,19.9703229911301,5.07,8.0,0.47,1.052,0.18,0.491,0.288,2.34,0.354,condominium,concreteSlab,low,yes,yes,no,no,yes,469000
8b124843054e3a7bd1793fe7228744b0,krakow,tenement,54.0,2.0,2.0,4.0,1950.0,50.069481230255,19.9602997557877,2.22,15.0,0.469,0.138,0.436,0.219,0.289,0.548,0.39,condominium,brick,,no,no,no,no,yes,949900
9402d1ce03a45be84646296b8f00b9ba,krakow,,44.0,2.0,3.0,3.0,,50.0126876288685,19.9102542745739,5.15,3.0,0.793,0.671,0.732,0.431,0.756,3.488,0.672,condominium,,premium,no,no,no,no,no,640000
e8fe73d9568c7047bd092faea1562a3c,krakow,tenement,42.0,2.0,2.0,4.0,1920.0,50.0494171372519,19.9452977314973,0.82,144.0,0.179,0.327,0.429,0.355,0.082,0.477,0.221,udzia≈Ç,brick,low,no,yes,no,no,no,748000
6ac65d5896f67ded5009f798abdcc909,krakow,,47.0,3.0,3.0,3.0,1950.0,50.07653,19.90219,3.5,13.0,0.335,0.751,0.252,0.201,0.113,0.666,0.119,condominium,brick,,no,yes,no,no,yes,790000
2d065d5d34d7dac4ae6800da82b68bb7,krakow,blockOfFlats,64.1,2.0,2.0,4.0,2018.0,50.0113,20.0239,7.82,6.0,0.529,1.576,0.351,0.182,0.547,3.185,0.369,condominium,,,no,yes,yes,yes,no,910000
30922e54cf0420f90cd2df24a85d37cf,krakow,tenement,94.91,3.0,2.0,4.0,,50.057799,19.9284627,0.76,32.0,0.131,0.234,0.03,0.741,0.026,0.58,0.07,condominium,brick,low,no,yes,no,no,no,1518560
051b21dfaae5fbb674cb62e93a25ad78,krakow,apartmentBuilding,58.0,2.0,3.0,5.0,2005.0,50.0710999,19.9321577,1.81,39.0,0.155,0.223,0.123,0.048,0.125,0.16,0.296,condominium,brick,,yes,yes,yes,no,no,1099000
cac0718387e4eb72faeea261afac319b,krakow,blockOfFlats,42.44,2.0,,3.0,2018.0,50.0148,19.8821,6.04,3.0,0.64,1.087,1.162,0.627,0.347,4.137,0.475,condominium,brick,,no,yes,yes,yes,no,699000
3a04c5b3c429cef2adf361aed74734ee,krakow,blockOfFlats,58.0,4.0,3.0,10.0,,50.0734,19.9164,2.55,31.0,0.313,0.057,0.081,0.133,0.026,0.098,0.183,condominium,concreteSlab,,no,yes,yes,yes,yes,949000
a062930b0109879c7405cd5972d319b1,krakow,blockOfFlats,53.0,3.0,1.0,4.0,1980.0,50.09506099,19.94429483,4.44,13.0,0.216,0.727,0.293,0.383,0.166,1.639,0.175,condominium,,,no,yes,no,no,yes,795000
81fd0e26d2fc6db97fde6f66b1f031bf,krakow,apartmentBuilding,26.02,1.0,3.0,4.0,2019.0,50.0325,19.9173,2.95,8.0,0.511,0.453,0.235,0.638,0.368,1.281,0.456,condominium,brick,,yes,yes,yes,no,no,535000
de511c08153f3fdf72cb52c95bc83677,krakow,blockOfFlats,50.65,2.0,,1.0,1953.0,50.0137,19.9145,4.93,1.0,0.864,0.954,0.759,0.325,0.811,3.218,0.752,condominium,brick,,no,no,no,no,yes,639000
13fc42366535592d432c1bfa071df00f,krakow,,41.3,2.0,3.0,5.0,2012.0,50.08905422,19.96295882,4.14,15.0,0.544,0.586,0.146,0.216,0.104,2.436,0.143,condominium,,,no,yes,yes,no,no,670000
cd94a3333c6e87d5c62c2ebac153cbf7,krakow,,48.35,2.0,2.0,4.0,2017.0,50.0951567,19.9835098,5.48,4.0,0.711,1.937,0.465,0.395,0.179,1.396,0.447,condominium,brick,,no,yes,yes,no,no,777000
977867c04a32516b9338c2bed3ae1c60,krakow,blockOfFlats,50.0,2.0,1.0,3.0,1991.0,50.00621105,20.00913759,7.44,10.0,0.245,0.495,0.496,0.219,0.225,3.471,0.189,condominium,concreteSlab,,no,yes,no,no,yes,669000
07f7713e6ea0d5d6173d3acc4f8d9aaa,krakow,tenement,35.88,3.0,3.0,3.0,1890.0,50.0675,19.938,1.36,85.0,0.033,0.417,0.215,0.039,0.033,0.35,0.147,condominium,brick,,yes,no,yes,no,yes,399000
b886edcab3b6cb065204c162983b0557,krakow,tenement,43.44,2.0,,4.0,1890.0,50.0583,19.9269,0.89,28.0,0.171,0.122,0.146,0.716,0.095,0.704,0.165,condominium,brick,,yes,no,no,no,yes,534312
325d4d8736fd16dab190ebc05c62e45d,krakow,tenement,30.19,1.0,,3.0,1890.0,50.0675,19.938,1.36,85.0,0.033,0.417,0.215,0.039,0.033,0.35,0.147,condominium,brick,,yes,no,yes,no,yes,399000
65bc9e9615c4c6eda7da76f67f420385,krakow,apartmentBuilding,53.18,3.0,,7.0,2015.0,50.07948,19.92542,2.85,17.0,0.27,0.653,0.193,0.079,0.099,0.556,0.194,condominium,brick,,yes,no,yes,yes,no,799000
825792f841f3a9ddf9352bf75506bf65,krakow,blockOfFlats,49.35,2.0,6.0,10.0,,50.0788,19.9206,2.91,22.0,0.179,0.686,0.236,0.202,0.341,0.767,0.171,condominium,,,yes,yes,yes,no,yes,799470
2621f06451c0b1107a2de8defc631da0,krakow,blockOfFlats,52.8,3.0,2.0,4.0,1950.0,50.0673,19.9666,2.41,14.0,0.445,0.231,0.721,0.56,0.058,0.447,0.191,condominium,brick,,yes,yes,no,no,yes,936990
3a0540eea581939cc6b2479bbdb7e42c,krakow,blockOfFlats,101.95,4.0,4.0,4.0,2024.0,50.07058259,19.98155594,3.52,13.0,0.411,0.3,0.343,0.246,0.217,1.551,0.28,condominium,,,no,no,yes,no,no,2497775
ccfeac45d9b5c0a297b20ab8ce6f07d1,krakow,apartmentBuilding,57.0,3.0,3.0,5.0,2015.0,50.07011,19.95153,1.89,22.0,0.298,0.494,0.473,0.66,0.223,0.956,0.282,condominium,brick,,no,yes,yes,yes,no,1300000
e7c87f6d0f18f1c4ed6774a0b7ee5ef3,krakow,,53.8,3.0,1.0,3.0,2014.0,49.988573,19.905274,7.79,0.0,0.643,1.006,1.33,0.744,1.334,4.26,1.388,condominium,brick,,yes,yes,no,no,no,699000
936cc07ce913d40621e3724ef9cda33a,krakow,blockOfFlats,51.0,2.0,,5.0,2014.0,50.016151,19.992886,5.84,5.0,0.262,0.739,0.425,0.597,0.253,2.515,0.331,condominium,,,no,yes,yes,no,yes,749000
f804901721395937ff7755d527dcfc16,krakow,blockOfFlats,70.76,4.0,,4.0,1970.0,50.0844,19.9667,3.81,24.0,0.199,0.462,0.207,0.114,0.209,2.222,0.201,condominium,brick,,yes,no,no,no,yes,968500
5780f65b143a29b53dd95872759136a8,krakow,blockOfFlats,32.8,2.0,5.0,5.0,2020.0,50.07223525,19.95194435,2.12,4.0,0.521,0.555,0.528,0.62,0.029,1.102,0.359,condominium,,premium,no,no,yes,no,no,902000
feb4773b54d3299666ab63fde2056f82,krakow,apartmentBuilding,68.77,3.0,4.0,5.0,2016.0,50.0689,19.983,3.52,11.0,0.561,0.095,0.365,0.077,0.059,1.579,0.457,condominium,brick,,yes,yes,yes,no,yes,1150000
f43ba94c2c9a4dd9d3bdfe5728e090c9,krakow,blockOfFlats,43.06,3.0,3.0,5.0,2022.0,50.06625784,20.01051241,5.29,6.0,0.407,1.899,0.689,0.404,0.138,2.036,0.647,condominium,,premium,no,no,yes,no,no,813834
3fb134431105bd8d4bf25420b2f31790,krakow,blockOfFlats,32.87,2.0,,5.0,2022.0,50.06650576,20.01030922,5.28,6.0,0.395,1.881,0.684,0.431,0.168,2.033,0.671,condominium,,premium,no,no,yes,no,no,686983
c816e1bc10ab2113069e20e05977cb25,krakow,apartmentBuilding,32.87,2.0,,5.0,2022.0,50.06650576,20.01000881,5.26,6.0,0.41,1.86,0.663,0.432,0.174,2.05,0.691,condominium,brick,premium,no,no,yes,no,no,686983
442d903c3948514e3f52db71d8269119,krakow,blockOfFlats,49.1,2.0,5.0,5.0,2021.0,50.0472529,19.9411286,0.91,55.0,0.171,0.059,0.509,0.092,0.115,0.194,0.04,condominium,brick,premium,no,no,yes,no,no,1104701
f303549ce241467d32641641804bdd2a,krakow,blockOfFlats,37.9,2.0,1.0,5.0,2022.0,50.06689835,20.00769997,5.11,5.0,0.517,1.692,0.533,0.444,0.065,2.167,0.773,condominium,,premium,yes,no,yes,no,no,754210
128c1c0febdc27cea454e821b5be2737,krakow,apartmentBuilding,33.8,2.0,2.0,5.0,2020.0,50.0720014,19.9522482,2.1,7.0,0.493,0.522,0.521,0.595,0.048,1.068,0.338,condominium,brick,,no,no,yes,no,no,895700
77a892f2a3c39bc0fce0dd4182c3527e,krakow,apartmentBuilding,25.15,1.0,,6.0,2024.0,50.07036593,19.9504509,1.88,25.0,0.358,0.565,0.428,0.73,0.211,1.034,0.257,condominium,brick,,no,no,yes,no,no,499999
3a2e72fe946001849844b683cc578b81,krakow,blockOfFlats,43.9,3.0,9.0,10.0,1969.0,50.0826,19.9727,3.9,22.0,0.189,0.878,0.06,0.064,0.169,2.139,0.151,condominium,concreteSlab,,no,no,yes,yes,yes,565000
e9745ee5d4cb41e15b3875fde53ca255,krakow,blockOfFlats,44.0,2.0,5.0,6.0,2014.0,50.08353942,19.93653851,3.14,12.0,0.657,0.172,0.15,0.47,0.359,0.473,0.072,condominium,brick,,no,yes,yes,no,no,809000
067eae42a4136f8ad8916aefe3cdb451,krakow,blockOfFlats,48.74,2.0,4.0,4.0,2019.0,49.9882948,19.90212628,7.89,0.0,0.861,1.087,1.26,0.963,1.268,4.474,1.315,condominium,,,no,yes,no,no,no,690000
bb5171812714aa81b4050be36049c3ab,krakow,blockOfFlats,48.0,2.0,,2.0,2010.0,50.0226935,19.9100304,4.15,10.0,0.545,0.581,0.433,0.316,0.452,2.437,0.436,condominium,brick,,no,no,no,no,no,690000
24c50e28bc20684fa3b4edca7daadcfa,krakow,,50.75,3.0,1.0,4.0,2023.0,50.05730409,19.96623516,2.0,9.0,0.615,0.23,0.438,0.408,0.123,0.866,0.332,condominium,,premium,yes,no,yes,no,no,1116449
09ddeb3cd3a522e2758ebcec9a6477e1,krakow,blockOfFlats,43.0,2.0,,3.0,2011.0,50.0251,19.9932,5.15,11.0,0.23,1.53,0.301,0.34,0.165,1.609,0.814,condominium,brick,,yes,yes,no,yes,yes,659000
afabe20b6c832ce65728ed806014732f,krakow,blockOfFlats,34.59,2.0,4.0,5.0,2022.0,50.0456109,19.9568301,1.7,30.0,0.291,0.536,0.31,0.581,0.079,1.067,0.1,condominium,,premium,no,no,yes,no,no,916635
6eccb500eeaf9f5a6fda73c66a29673a,krakow,tenement,129.5,6.0,1.0,2.0,1886.0,50.064085,19.9290839,1.18,89.0,0.056,0.365,0.342,0.056,0.041,0.208,0.133,condominium,brick,,no,yes,no,no,yes,2693600
b8d36ce5d939a152a78d1337613e28d8,krakow,,48.0,3.0,3.0,4.0,2008.0,50.0166243,19.894827,5.31,24.0,0.693,0.328,0.231,0.132,0.126,3.465,0.176,condominium,,,no,yes,no,no,yes,760000
83771f6bcd8a0fae6419de75b74be31c,krakow,,54.0,2.0,2.0,2.0,,50.0092641,20.0136691,7.42,13.0,0.43,0.818,0.382,0.356,0.251,3.177,0.043,condominium,,,no,yes,no,no,yes,680000
5ead4cee698b9261b54c8d44674e8411,krakow,blockOfFlats,55.0,2.0,2.0,9.0,2000.0,50.0093325,20.0154892,7.51,13.0,0.372,0.948,0.458,0.27,0.242,3.197,0.148,condominium,brick,,yes,yes,yes,yes,no,680000
8de68e2c696f133594ebbeef541fe30f,krakow,blockOfFlats,46.0,2.0,,2.0,1950.0,50.043781,19.82381,8.28,4.0,0.11,,0.307,2.296,0.327,,0.136,condominium,brick,,no,no,no,no,yes,699000
d9c57d7d92f93d68dcdcf57a830e8cad,krakow,tenement,117.2,4.0,,5.0,1935.0,50.069212,19.92877,1.69,40.0,0.156,0.418,0.313,0.305,0.159,0.47,0.178,condominium,brick,low,yes,yes,yes,no,yes,1349000
a1c7921d17c27625cf499ace179cd167,krakow,blockOfFlats,53.0,2.0,,3.0,2011.0,50.0105051,19.9648826,5.33,14.0,0.506,0.541,0.166,0.045,0.036,0.671,0.213,condominium,,,yes,yes,no,no,yes,649000
3dea4b8967fabeadb3db688cc5024492,krakow,tenement,41.0,2.0,4.0,4.0,1910.0,50.054865,19.947116,0.62,113.0,0.127,0.724,0.226,0.264,0.044,0.535,0.142,condominium,brick,,no,no,no,no,no,760000
6409a50146552886dc4b364f8c261729,krakow,blockOfFlats,70.89,3.0,3.0,7.0,1965.0,50.07410821,20.03700256,7.34,28.0,0.373,1.131,0.402,0.155,0.09,0.372,0.118,condominium,brick,,no,yes,yes,no,yes,950000
4aaaa8b32c609aaaee7352dc5fa9b035,krakow,tenement,65.0,2.0,,4.0,1937.0,50.073406,19.934424,2.03,28.0,0.361,0.085,0.097,0.203,0.178,0.147,0.01,condominium,brick,,no,yes,yes,no,yes,950000
eb739dd2eb268a24f8968183215ccfa3,krakow,tenement,90.66,3.0,4.0,4.0,1905.0,50.0505,19.9422,0.6,136.0,0.188,0.361,0.187,0.244,0.045,0.347,0.112,condominium,brick,,no,yes,no,no,no,1280000
486fccb3993ea4ab54bfa0934198da59,krakow,tenement,34.15,1.0,3.0,3.0,1910.0,50.066651,19.950776,1.54,45.0,0.191,0.153,0.369,0.878,0.069,0.823,0.161,condominium,brick,,no,yes,no,no,no,697000
3b3961cfbc79df65340595effbd0e0d6,krakow,,34.0,1.0,,2.0,,50.07410821,20.03700256,7.34,28.0,0.373,1.131,0.402,0.155,0.09,0.372,0.118,condominium,,,no,no,no,no,yes,510000
6eab9029cf231b9173315332e3be854f,krakow,,43.0,2.0,,3.0,,50.07410821,20.03700256,7.34,28.0,0.373,1.131,0.402,0.155,0.09,0.372,0.118,condominium,,,no,no,no,no,yes,545000
ea3232cb3adcdc0a15a8c14a634f4a0a,krakow,tenement,37.0,2.0,4.0,4.0,1910.0,50.050378,19.943485,0.65,145.0,0.232,0.36,0.262,0.294,0.027,0.407,0.173,condominium,brick,,no,no,no,no,no,715000
78acb1e243338b2b93d02a5b4b5a64d8,krakow,tenement,95.24,5.0,2.0,2.0,,50.0635705,19.9402751,0.93,186.0,0.09,0.458,0.456,0.48,0.02,0.171,0.217,condominium,brick,,no,no,no,no,no,2500000
2cb77749cd2537162462bc55d2fe5ae3,krakow,tenement,64.0,2.0,1.0,2.0,1952.0,50.066592,19.949686,1.49,44.0,0.262,0.158,0.297,0.879,0.069,0.856,0.189,condominium,brick,,no,no,no,no,yes,1050000
f83405c562826673db808db53ed1452e,krakow,,39.0,3.0,1.0,4.0,,50.0947,19.9996,6.18,23.0,0.315,1.48,0.074,0.094,0.046,0.308,0.043,condominium,,,no,no,,no,no,599000
2373121b21c4293cd76abbeab62590b3,krakow,blockOfFlats,39.5,2.0,4.0,4.0,1962.0,50.0848,19.9606,3.64,14.0,0.459,0.163,0.234,0.366,0.196,2.194,0.243,cooperative,,,no,yes,no,no,yes,529000
78a4e8e54c21a66914d4406655882fa7,krakow,tenement,104.0,5.0,2.0,2.0,1930.0,50.0702,19.9627,2.4,16.0,0.289,0.321,0.536,0.181,0.281,0.619,0.469,condominium,brick,,yes,yes,no,no,yes,2199000
5075a178725e19379aab85ed0d89469e,krakow,apartmentBuilding,41.5,2.0,3.0,5.0,2010.0,50.0549,19.9567,1.3,21.0,0.21,0.239,0.434,0.157,0.109,0.152,0.197,condominium,brick,,no,no,yes,no,no,790000
f326ac70921a7ebb1e1a8c94f089fb6c,krakow,blockOfFlats,40.0,2.0,4.0,10.0,1980.0,50.0134,20.0058,6.7,20.0,0.212,0.332,0.351,0.117,0.22,2.66,0.271,condominium,concreteSlab,,yes,yes,yes,no,yes,659000
53cb325ea8f6640d30bcdb938492f0b2,krakow,blockOfFlats,42.6,2.0,,3.0,1997.0,50.0569,19.9641,1.84,15.0,0.46,0.2,0.403,0.422,0.223,0.708,0.279,cooperative,brick,,no,yes,no,no,yes,750000
9bde67dbcc622ae64e5bd4d96d38fb4f,krakow,tenement,87.0,3.0,3.0,3.0,,50.062601,19.925487,1.23,46.0,0.092,0.372,0.576,0.357,0.191,0.513,0.159,condominium,brick,premium,no,yes,no,no,yes,1799000
abe7927ab652bffa2fa068772f56012d,krakow,apartmentBuilding,48.8,2.0,1.0,4.0,2018.0,50.0776,19.8752,5.15,4.0,0.429,0.777,0.736,0.689,0.396,1.492,0.697,condominium,brick,,yes,yes,yes,yes,no,1019920
d2e675747a0429869e0eae3713f224c2,krakow,blockOfFlats,44.04,2.0,5.0,5.0,2018.0,50.013484,19.890706,5.77,9.0,0.605,0.752,0.65,0.456,0.119,3.914,0.353,condominium,,,yes,yes,yes,no,no,695000
8d67d84821005fb29f0a1220d83dc903,krakow,blockOfFlats,68.0,3.0,3.0,4.0,,50.072,20.0381,7.35,24.0,0.324,0.896,0.171,0.177,0.123,0.612,0.131,condominium,brick,,no,yes,no,no,yes,699000
029a185eb048797d98dc1756cf0c3324,krakow,tenement,26.76,1.0,,3.0,1890.0,50.06715405,19.9379697,1.32,94.0,0.038,0.388,0.229,0.053,0.022,0.311,0.168,condominium,brick,,no,no,no,no,yes,399000
c9bfc076bd3dbf207c633aa30b26e09d,krakow,blockOfFlats,48.27,3.0,3.0,4.0,2007.0,50.01674982,19.89520937,5.28,24.0,0.693,0.312,0.202,0.13,0.101,3.44,0.191,condominium,,,no,yes,no,no,yes,760000
d9d9eb25a01750de070583da95826ef0,krakow,apartmentBuilding,78.66,3.0,7.0,7.0,2017.0,50.0529068,19.9842717,3.28,0.0,0.802,1.416,0.891,0.687,0.82,2.064,0.753,condominium,brick,premium,yes,yes,yes,no,no,1590000
ff605ecbdf6efedf08656b863ab39670,krakow,apartmentBuilding,41.0,2.0,5.0,5.0,2023.0,50.1021,19.9578,5.38,5.0,0.417,1.076,0.524,0.109,0.29,2.865,0.496,condominium,brick,,yes,yes,yes,no,yes,738000
4ff83429d479c9e425270d6f10ab6398,krakow,apartmentBuilding,70.06,4.0,4.0,6.0,2022.0,50.0805,19.923,3.01,15.0,0.371,0.86,0.27,0.1,0.222,0.599,0.278,condominium,brick,,yes,yes,yes,yes,yes,1399000
0e07f2cb1bd37feda6f0bcb74ce9b58f,krakow,tenement,70.6,3.0,3.0,4.0,1880.0,50.0698411,19.9358211,1.63,37.0,0.095,0.471,0.209,0.264,0.105,0.349,0.085,condominium,brick,premium,no,yes,no,no,yes,1385000
023bffdd29b6ffd552cc753855fa5278,krakow,,34.0,2.0,2.0,4.0,,50.0108,20.0524,9.53,2.0,0.91,2.805,0.953,0.07,0.706,4.476,0.93,condominium,,,no,no,,no,no,399700
64813f320430911b00a67c7b458fa139,krakow,blockOfFlats,48.1,3.0,1.0,5.0,1973.0,50.068323,19.9326485,1.51,58.0,0.077,0.416,0.199,0.264,0.113,0.359,0.096,condominium,brick,,no,yes,yes,no,yes,949000
728159fa64cb68bb71979562b3765250,krakow,,38.0,2.0,,,,50.021466,20.0083468,6.25,2.0,0.397,1.124,0.673,0.364,0.558,1.777,0.541,condominium,,,no,yes,yes,no,yes,649000
2ce75ab4f7f70e886621dd99aae75ae1,krakow,,40.7,2.0,,3.0,,50.0462,19.9642,2.1,26.0,0.322,0.273,0.301,0.153,0.134,1.204,0.459,condominium,,,no,no,no,no,no,450000
25e31a6dd1d6722a6bc8da99c4531cd9,krakow,blockOfFlats,43.0,2.0,,,1956.0,50.0790228,20.030791,7.1,20.0,0.271,1.699,0.263,0.343,0.114,0.332,0.124,condominium,brick,,no,no,no,no,yes,545000
2cf7c7e1ae495d4beded322fe4122104,krakow,blockOfFlats,48.0,3.0,,10.0,,50.0238413,19.9933025,5.25,12.0,0.246,1.399,0.365,0.379,0.07,1.726,0.709,condominium,concreteSlab,low,yes,yes,yes,yes,yes,578000
807b426d1a2cc88a0746a9e2f8df8560,krakow,blockOfFlats,64.59,2.0,1.0,5.0,1998.0,50.019143,19.904684,4.69,17.0,0.966,0.228,0.089,0.245,0.161,2.924,0.177,condominium,brick,,no,yes,no,no,no,960000
369f62be54ccd38c65ce57f796a9f3fd,krakow,tenement,61.25,3.0,,5.0,1912.0,50.05031,19.94121,0.59,123.0,0.15,0.347,0.174,0.203,0.011,0.285,0.135,condominium,brick,,no,no,no,no,no,695000
362f088db7225f7d5cbd42ed4650ee90,krakow,blockOfFlats,46.5,2.0,3.0,6.0,2007.0,50.0184643,19.896063,5.09,23.0,0.849,0.13,0.217,0.145,0.03,3.243,0.195,condominium,,,yes,yes,yes,no,no,729000
b9287ede076c08b9d55001f32d51991b,krakow,,34.45,1.0,2.0,2.0,,50.0392096,19.9425426,1.81,28.0,0.044,0.891,0.235,0.185,0.062,1.036,0.179,condominium,brick,,no,no,no,no,yes,578000
afa64cae66c94636887742079a8708a5,krakow,tenement,67.3,2.0,3.0,5.0,1938.0,50.073286,19.93459,2.02,27.0,0.35,0.091,0.101,0.221,0.174,0.146,0.01,condominium,brick,,no,no,yes,no,no,999000
61a96a5c2ace019b9c8aa4e0d8ec5036,krakow,apartmentBuilding,55.81,2.0,1.0,3.0,2012.0,50.09500005,19.90299751,5.09,4.0,1.023,0.822,1.049,0.258,0.492,2.303,0.389,condominium,brick,,yes,yes,yes,no,yes,799000
88e877dc0bf311799f6600ab8ec07646,krakow,blockOfFlats,48.24,3.0,,10.0,1980.0,50.02378065,19.99171391,5.17,15.0,0.15,1.444,0.284,0.291,0.046,1.79,0.633,condominium,,low,no,yes,yes,no,no,578000
230a88f5d66e02d5fe48bd9dbb45e64d,krakow,apartmentBuilding,69.0,3.0,12.0,12.0,,50.07118765,19.89941998,3.3,17.0,0.186,0.175,0.414,0.26,0.187,0.382,0.156,condominium,brick,,no,yes,yes,no,no,1120000
2d24fd22dbdc6e80934918dc413d2511,krakow,blockOfFlats,71.0,4.0,,4.0,1970.0,50.08437365,19.96708436,3.83,26.0,0.204,0.488,0.234,0.116,0.236,2.224,0.228,condominium,brick,,no,yes,no,no,yes,968500
956e68de0cb11b24e38e904b54c8a770,krakow,blockOfFlats,30.0,1.0,6.0,10.0,1986.0,50.08887965,19.94031898,3.74,18.0,0.106,0.295,0.507,0.304,0.299,0.949,0.127,condominium,,,no,yes,yes,no,yes,489000
cbc23b5f392f5d1198244e40b51aec5a,krakow,blockOfFlats,28.0,1.0,1.0,2.0,2020.0,50.08579834,19.95106006,3.51,11.0,0.611,0.249,0.3,0.331,0.338,1.529,0.305,condominium,brick,,no,yes,no,no,no,540000
d612c75a1da288c4157f6ee1e17633ae,krakow,blockOfFlats,53.0,2.0,1.0,1.0,,50.0169739,19.91056,4.7,6.0,0.958,0.704,0.36,0.268,0.354,3.053,0.307,condominium,,,yes,yes,no,no,no,715000
db52a0d7e45d1d499e751eb8a4708060,krakow,blockOfFlats,61.73,3.0,4.0,5.0,2009.0,50.0766725,19.9066484,3.29,12.0,0.556,0.699,0.528,0.062,0.115,0.81,0.338,condominium,,premium,yes,no,yes,no,no,1075000
3431888b223a1660b5293a29db94a5ee,krakow,blockOfFlats,74.44,4.0,2.0,4.0,2022.0,50.0453845,19.9921031,3.99,2.0,0.047,0.676,0.575,0.44,0.607,1.299,0.745,condominium,,,yes,yes,yes,no,no,946281
9cf617fc61c7e2e45ed3ad0c04eb1644,krakow,apartmentBuilding,74.0,3.0,1.0,5.0,2022.0,50.0120775,19.89040911,5.9,7.0,0.461,0.805,0.769,0.298,0.272,4.06,0.273,condominium,brick,premium,yes,yes,yes,no,yes,1180000
a5a62d9e15f917908840c83a42103c03,krakow,blockOfFlats,54.0,2.0,3.0,3.0,2002.0,50.0357,19.995,4.59,4.0,0.188,0.769,0.067,0.665,0.303,0.755,0.613,condominium,,,yes,yes,no,yes,yes,725000
f95b4da6c302d7faf7810d1a606fdd03,krakow,tenement,35.0,2.0,1.0,4.0,1930.0,50.058789,19.9332473,0.54,134.0,0.129,0.51,0.274,0.529,0.094,0.369,0.246,condominium,brick,,yes,no,no,no,yes,950000
f561873785bb3ada90e939bb949448be,krakow,blockOfFlats,49.89,2.0,2.0,3.0,2003.0,50.0186,19.8976,5.02,25.0,0.84,0.19,0.183,0.196,0.083,3.178,0.131,condominium,brick,,yes,yes,no,no,yes,749000
06f947385f28c6371a673ce1076175c4,krakow,apartmentBuilding,31.0,2.0,,3.0,2022.0,50.045621,19.968269,2.39,13.0,0.59,0.489,0.543,0.199,0.101,1.437,0.221,condominium,brick,,no,no,yes,no,no,645000
ada650628488b3f58eb487e5f97903bb,krakow,blockOfFlats,39.18,2.0,,4.0,1960.0,50.0745,20.0224,6.36,18.0,0.139,1.949,0.351,0.057,0.423,0.857,0.16,condominium,brick,,yes,yes,no,no,yes,509000
32fa057cd3800e3cb6d145af93ddbfb6,krakow,blockOfFlats,49.6,2.0,1.0,4.0,1960.0,50.0814283,19.9688429,3.63,23.0,0.117,0.636,0.31,0.272,,1.93,0.192,condominium,brick,,no,yes,no,no,yes,730000
26b9b5ac366c62808de2ee4756261623,krakow,apartmentBuilding,74.0,4.0,,4.0,2021.0,50.0645541,20.01475995,5.54,5.0,0.511,2.229,0.962,0.047,0.287,1.926,0.302,condominium,brick,premium,no,yes,yes,no,no,1070000
b337fe4ddc8b946ec519a772d64024b1,krakow,tenement,35.7,2.0,3.0,3.0,1911.0,50.0698411,19.9358211,1.63,37.0,0.095,0.471,0.209,0.264,0.105,0.349,0.085,condominium,brick,low,no,no,no,no,no,678300
bc2683f9a85c5b8688224398852d0342,krakow,blockOfFlats,48.57,2.0,1.0,3.0,2019.0,50.1017878,19.87414915,6.91,0.0,0.941,1.005,1.534,1.654,1.748,3.534,1.974,condominium,,premium,yes,yes,yes,no,no,715000
00e64d987ad5417fe697b5b304d84263,krakow,blockOfFlats,50.5,2.0,9.0,10.0,1987.0,50.0061028,19.9636832,5.76,16.0,0.156,0.464,0.584,0.251,0.276,0.403,0.163,cooperative,concreteSlab,,no,yes,yes,no,yes,757450
99959359e0803e429faeabd1b6b2e765,krakow,tenement,35.71,2.0,4.0,4.0,1891.0,50.0693689,19.932831,1.62,51.0,0.114,0.417,0.082,0.151,0.227,0.34,0.213,condominium,brick,premium,no,no,no,no,yes,633500
aa00a371585e3d49a4b386e68249e7e6,krakow,apartmentBuilding,49.01,2.0,4.0,4.0,2009.0,50.068,19.9295,1.55,55.0,0.046,0.492,0.339,0.246,0.078,0.342,0.236,condominium,brick,,yes,yes,yes,no,yes,1350000
13daae6f3a91308e5642f68198028191,krakow,apartmentBuilding,92.0,4.0,5.0,5.0,2021.0,50.0128839,19.8904435,5.83,6.0,0.546,0.781,0.707,0.388,0.182,3.981,0.303,condominium,brick,premium,yes,yes,yes,no,no,1270000
8adea24eb481e5c5534cba5ccc05033b,krakow,apartmentBuilding,41.0,2.0,5.0,5.0,2023.0,50.101341,19.952449,5.22,3.0,0.584,1.034,0.648,0.487,0.118,2.548,0.624,condominium,brick,,yes,yes,yes,no,no,779000
5f66da05f98dfd14d75ab600b139f545,krakow,,45.77,2.0,2.0,3.0,,50.0637,19.8915,3.48,1.0,0.696,0.494,1.0,0.932,0.77,1.048,0.679,condominium,,,no,no,no,no,no,1050000
39356c4e539c844a8dbd6916a6490f21,krakow,blockOfFlats,32.78,2.0,3.0,5.0,2016.0,50.0060411,20.0085459,7.42,9.0,0.204,0.46,0.514,0.236,0.27,3.486,0.228,condominium,brick,,no,yes,yes,yes,no,531000
f9982ed442fe3faf683c9790ddd3a6fc,krakow,blockOfFlats,33.0,2.0,3.0,5.0,2016.0,50.00776015,20.00950339,7.33,11.0,0.317,0.506,0.327,0.276,0.161,3.301,0.266,condominium,brick,,no,yes,yes,no,no,545000
29757756f5dd70e269c60521e2cd8950,krakow,blockOfFlats,43.3,2.0,3.0,4.0,1996.0,50.0793218,19.9769307,3.83,17.0,0.256,0.958,0.234,0.248,0.261,1.953,0.222,condominium,brick,,yes,no,no,no,yes,649000
5376d8f2be8b4c9756027f2601f53d04,krakow,blockOfFlats,53.07,2.0,1.0,2.0,1960.0,50.082067,19.878495,5.21,9.0,0.355,0.455,0.617,0.163,0.227,1.546,0.285,condominium,brick,low,no,yes,no,no,yes,695000
3940b09926e0c079096384d61e8223ce,krakow,blockOfFlats,50.22,2.0,,5.0,2016.0,50.08795115,19.97996124,4.69,10.0,0.464,1.484,0.624,0.453,0.143,1.711,0.159,condominium,,,yes,no,yes,no,no,890000
f5222b6a2a10077ad7388054f35cf807,krakow,blockOfFlats,59.89,3.0,,3.0,2011.0,50.0226295,19.9796517,4.68,10.0,0.233,1.093,0.539,0.532,0.312,2.378,0.1,condominium,brick,,yes,no,yes,yes,no,750000
c0fecf1ccee73cd87d2bc023348bbffe,krakow,blockOfFlats,55.0,3.0,9.0,10.0,1977.0,50.0173,20.0025,6.23,10.0,0.28,0.551,0.282,0.264,0.602,2.235,0.204,cooperative,concreteSlab,,no,yes,yes,no,yes,670000
0ba5f48c8f7689dde6c25ddfee6e12f3,krakow,apartmentBuilding,51.5,2.0,5.0,6.0,2008.0,50.08792126,19.90100929,4.51,9.0,0.324,0.704,0.414,0.429,0.27,1.73,0.448,condominium,brick,premium,yes,yes,yes,no,no,824000
1e605a924208334bc73e204eb9e3004b,krakow,,85.57,5.0,,,2023.0,49.9984946,19.87955932,7.59,0.0,1.206,1.967,1.164,1.177,1.182,,1.007,condominium,brick,,yes,no,,no,no,869000
f699fe8323d8e3cb80f61f1e7c31062f,krakow,,52.0,3.0,2.0,4.0,,50.082,19.9506,3.09,9.0,0.34,0.618,0.332,0.3,0.411,1.487,0.222,condominium,,,no,no,,no,no,749000
d2f7d49f5e14c4fa5bb0124c2fe7f27d,krakow,tenement,87.8,4.0,4.0,4.0,,50.0739353,19.9184042,2.52,31.0,0.244,0.137,0.129,0.036,0.141,0.229,0.098,cooperative,brick,,no,no,,no,no,1273100
8559c89d3d28bab2a608bd1ab01e7241,krakow,,47.0,2.0,1.0,3.0,,50.05584378,19.90920067,2.09,4.0,0.371,0.784,0.649,0.706,0.21,0.681,0.662,condominium,,,no,no,no,no,no,895000
034080ee084b1b5376f609961456c54e,krakow,,35.0,2.0,5.0,7.0,,50.0671,19.9849,3.57,7.0,0.73,0.16,0.511,0.152,0.176,1.665,0.676,condominium,,,no,no,yes,no,no,699000
4c55aafe54d7da0a8b2e60e9abc1a730,krakow,blockOfFlats,42.0,2.0,1.0,2.0,2007.0,50.01317921,19.91183055,5.05,2.0,0.915,0.77,0.735,0.473,0.75,3.389,0.674,condominium,,,no,no,no,no,no,480000
1e6e11581d646772eed048128fb6d86c,krakow,,53.5,3.0,1.0,4.0,,50.0129948,20.0236549,7.69,9.0,0.494,1.59,0.307,0.199,0.606,3.007,0.221,condominium,,,no,no,,no,no,749000
610a397d02d1a5e46919be906d47b383,krakow,,25.91,1.0,,5.0,2017.0,50.0829829,19.94190681,3.09,14.0,0.74,0.226,0.266,0.151,0.142,0.859,0.282,condominium,,,no,yes,yes,no,no,660000
75b662af5e4b5529c31b652d054e6c1a,krakow,apartmentBuilding,49.02,2.0,1.0,5.0,2007.0,50.0739632,19.9176286,2.55,31.0,0.275,0.108,0.11,0.026,0.1,0.194,0.126,condominium,brick,,no,yes,yes,no,no,780000
fea91f5562b2278e42a1790e4a00966c,krakow,apartmentBuilding,83.0,4.0,,2.0,2023.0,50.1069954,19.90381792,6.26,1.0,0.148,1.875,1.712,0.779,1.461,3.202,1.011,condominium,brick,,yes,no,no,no,no,1100000
22394ee3fd1a44a17e516e2b69235fc6,krakow,apartmentBuilding,110.1,4.0,1.0,2.0,2020.0,50.06206521,19.83271501,7.59,1.0,1.059,4.266,2.263,2.956,0.32,4.59,2.071,condominium,brick,premium,yes,yes,no,no,no,1399000
2974d2ed43ed7f4ee667a67433d21a44,krakow,apartmentBuilding,71.51,4.0,5.0,5.0,2021.0,50.10184723,19.95491331,5.31,4.0,0.465,1.052,0.576,0.309,0.105,2.705,0.549,condominium,brick,premium,yes,yes,yes,no,yes,1072650
b3a42d73686b9a15a0566e6503b4936e,krakow,tenement,90.66,3.0,4.0,4.0,1905.0,50.0693,19.9324,1.62,50.0,0.12,0.413,0.097,0.155,0.223,0.35,0.206,condominium,brick,,yes,yes,no,no,no,1280000
973da52f37612622942f500b0b9b33b6,krakow,blockOfFlats,53.0,2.0,,4.0,1979.0,50.0201961,20.0160747,6.78,8.0,0.05,1.36,0.702,0.166,0.374,2.055,0.556,condominium,concreteSlab,low,yes,yes,no,no,yes,599000
04332f6a760cbd16db69c04ea4d3d07e,krakow,blockOfFlats,50.97,3.0,4.0,4.0,2010.0,50.0099811,19.9442755,5.06,4.0,0.528,1.009,0.798,0.2,0.281,1.064,0.413,condominium,,premium,no,no,,no,no,699000
121a05ab3a0015e66a29af23e809b61c,krakow,apartmentBuilding,62.86,3.0,2.0,2.0,,50.0855334,19.8869197,4.98,10.0,0.372,0.414,0.491,0.027,0.111,1.513,0.5,condominium,brick,premium,yes,yes,yes,no,no,1130000
d481e3fcfb841c6085ac11f8b309fbf3,krakow,,55.6,2.0,4.0,7.0,,50.0275236,19.9183098,3.41,25.0,0.024,0.001,0.343,0.096,0.045,1.833,0.103,condominium,,,no,yes,no,no,yes,815000
23188dfc194f954e0682c0978c75ca24,krakow,blockOfFlats,56.9,3.0,7.0,10.0,1978.0,50.07574367,19.91478712,2.83,22.0,0.101,0.337,0.346,0.292,0.245,0.365,0.286,cooperative,,,no,yes,yes,no,yes,990000
abbc28451a56c60709cc648b1b5339d7,krakow,blockOfFlats,30.54,1.0,8.0,10.0,1997.0,50.0782494,19.896264,3.95,14.0,0.326,0.883,0.237,0.212,0.304,0.605,0.182,condominium,,premium,no,yes,yes,no,yes,515000
af79f686c85af068cdeba80237eeec27,krakow,blockOfFlats,31.5,1.0,2.0,4.0,2001.0,50.0881,19.9629,4.04,19.0,0.527,0.558,0.09,0.155,0.116,2.407,0.149,condominium,brick,,no,yes,no,no,no,459000
1c7c341eca86dc39653d6f44740931cd,krakow,tenement,81.7,4.0,3.0,4.0,,50.05262,19.94794,0.74,119.0,0.133,0.724,0.105,0.415,0.028,0.549,0.108,condominium,brick,,no,no,no,no,no,1490000
5bc25a08d3a713af3021512f83342ad7,krakow,apartmentBuilding,38.0,2.0,,5.0,2022.0,50.0626,19.9801,3.08,12.0,0.166,0.711,0.522,0.094,0.455,1.32,0.494,condominium,brick,,yes,yes,yes,no,no,669000
54caf0d14cbff969311ef9d338828dec,krakow,,53.0,3.0,3.0,10.0,,50.0954,19.9429,4.47,12.0,0.309,0.682,0.399,0.382,0.233,1.61,0.28,condominium,,,no,yes,yes,no,yes,790000
7fef6bea9d4bb5ca2f49bc95032fffbd,krakow,apartmentBuilding,65.22,3.0,2.0,3.0,2009.0,50.0317564,19.894575,4.08,1.0,0.602,1.358,1.37,1.166,0.217,2.156,0.96,condominium,brick,premium,yes,yes,yes,no,no,990000
6dde9d80011b2dc4a004b9381cd4856a,krakow,blockOfFlats,47.86,2.0,,,2009.0,50.00143302,19.9005646,6.57,9.0,0.494,0.633,0.442,0.335,0.308,4.145,0.449,condominium,,,no,no,,no,no,519000
56b03541d990c585346fd341c6f29150,krakow,blockOfFlats,57.64,4.0,2.0,4.0,1982.0,50.0165363,20.0067187,6.51,19.0,0.163,0.596,0.236,0.265,0.298,2.314,0.193,condominium,concreteSlab,low,yes,yes,no,no,no,690000
934694a37e162683f312fae1ef12d458,krakow,,71.64,4.0,2.0,4.0,1996.0,50.06694778,19.97512539,2.92,7.0,0.543,0.664,0.251,0.411,0.27,0.979,0.656,cooperative,,,no,yes,no,no,yes,859000
7e912fe5b557064c82746599e14c4fc3,krakow,blockOfFlats,28.1,1.0,,,2022.0,50.06791364,19.84682519,6.69,1.0,0.996,3.07,1.486,2.236,0.029,3.466,1.891,condominium,,,no,no,,no,no,439000
9e2604188f3db314cc0d4cd57036c948,krakow,blockOfFlats,45.23,3.0,6.0,13.0,1978.0,50.09110624,19.97766239,4.87,9.0,0.518,1.502,0.701,0.168,0.165,1.798,0.119,cooperative,,low,no,yes,yes,no,yes,599000
516703f076d02f307a809db0a4080046,krakow,apartmentBuilding,44.23,3.0,10.0,10.0,2019.0,50.0889816,19.97844338,4.71,7.0,0.546,1.43,0.689,0.296,0.06,1.784,0.223,condominium,brick,,yes,yes,yes,no,no,720000
f9e5d53838e18d28ff8d2d5a791578c1,krakow,blockOfFlats,63.01,3.0,4.0,4.0,2003.0,50.0882277,19.9086365,4.23,15.0,0.369,1.203,0.297,0.168,0.196,1.604,0.332,condominium,brick,low,no,yes,no,no,no,799000
ffd4bc35a75a4a24ab6d86bd41b6a823,krakow,,55.44,2.0,5.0,5.0,2022.0,50.102297,19.95438,5.35,4.0,0.433,1.107,0.639,0.352,0.137,2.718,0.611,condominium,,,yes,yes,yes,no,yes,850000
6a9b4e2133bc43fb66b85af585521a25,krakow,blockOfFlats,43.0,2.0,1.0,5.0,1955.0,50.0731819,20.0403881,7.54,28.0,0.276,0.918,0.361,0.112,0.123,0.614,0.146,condominium,brick,premium,no,no,yes,no,yes,685000
ebf3f6c108c2677e391f37eac3af917a,krakow,blockOfFlats,69.2,3.0,2.0,3.0,2011.0,50.0087085,19.96242299,5.46,20.0,0.389,0.309,0.294,0.092,0.141,0.407,0.075,condominium,,premium,yes,yes,no,no,no,799000
384bdaa6923ea279a1d5aed7b8d0fa31,krakow,blockOfFlats,82.0,4.0,3.0,9.0,2022.0,50.1008865,20.0095641,7.17,12.0,0.353,1.183,0.277,0.29,0.393,1.024,0.197,condominium,brick,,yes,yes,yes,no,no,1050000
604cad0931ecdcbd9706311616a6c421,krakow,apartmentBuilding,64.0,3.0,2.0,6.0,2023.0,50.08449116,19.88742113,4.88,14.0,0.382,0.431,0.61,0.095,0.023,1.393,0.379,condominium,brick,premium,yes,yes,yes,no,yes,1130000
a36edd31ef26a83fc8c18303e4662138,krakow,blockOfFlats,33.0,2.0,2.0,3.0,2022.0,50.04493,19.95245,1.53,44.0,0.198,0.777,0.121,0.462,0.035,1.036,0.218,condominium,brick,,no,no,no,no,no,799000
73b696b3764d4b93bf77dff011da053a,krakow,blockOfFlats,35.0,2.0,2.0,6.0,1960.0,50.08729399,19.9401716,3.56,23.0,0.27,0.409,0.466,0.152,0.168,0.842,0.125,condominium,,premium,no,no,no,no,yes,570000
2d349a8a56d1c4be12853790b76c8ded,krakow,apartmentBuilding,65.95,4.0,1.0,5.0,2022.0,50.1014859,19.9559895,5.29,6.0,0.486,1.006,0.503,0.234,0.145,2.726,0.475,condominium,brick,,no,yes,yes,no,yes,899000
25da19b3dc617bf0e0deb4d8e741d441,krakow,tenement,69.47,2.0,1.0,3.0,1939.0,50.05793215,19.9297904,0.68,40.0,0.118,0.3,0.067,0.662,0.107,0.498,0.13,condominium,brick,low,no,yes,no,no,no,1290000
025f33715f4aeaf882f9ed11d993fe6b,krakow,tenement,46.7,2.0,,3.0,,50.0457,19.9521,1.45,40.0,0.146,0.728,0.151,0.55,0.062,0.985,0.192,condominium,brick,,yes,no,no,no,yes,659000
f08c68130c5309b74b8d31b4ad28412c,krakow,blockOfFlats,126.0,5.0,2.0,3.0,2022.0,50.07160035,19.85184964,6.44,0.0,1.26,2.567,1.107,1.847,0.573,3.066,1.488,condominium,,premium,yes,yes,no,no,no,1877400
f3d7cf4d3e9a923e2fd8711cb38645f7,krakow,,65.95,4.0,1.0,5.0,,50.1017893,19.9613411,5.42,8.0,0.35,1.09,0.501,0.15,0.493,3.022,0.353,condominium,,,no,no,yes,no,no,899000
ca777c0a9f6ace50d13c89e7b607eec2,krakow,blockOfFlats,60.0,2.0,,,1957.0,50.055622,19.957521,1.36,19.0,0.124,0.159,0.432,0.059,0.191,0.217,0.295,condominium,brick,,no,no,no,no,yes,839000
5db32f2d3024269f0156084e8534d90f,krakow,,47.0,2.0,,2.0,1997.0,50.02227,20.04929,8.73,6.0,0.681,3.592,0.164,0.089,0.095,3.562,0.174,condominium,,,no,no,no,no,no,600000
1a6027d66ffe20d81aec7734650ac877,krakow,apartmentBuilding,94.75,4.0,1.0,2.0,2019.0,50.1064377,19.9169246,5.89,0.0,0.789,2.142,1.267,1.053,1.524,2.707,0.56,condominium,brick,premium,yes,yes,no,no,no,1120000
bb58c27eb8f17cbe41d87c9afe0177d7,krakow,,61.0,2.0,,3.0,,50.098017,19.912055,5.11,3.0,0.732,1.55,1.259,0.216,0.928,2.051,0.065,condominium,,,no,no,no,no,no,960000
e2dcf3e7aad1db64b8594b5477a9686c,krakow,apartmentBuilding,144.0,6.0,3.0,3.0,2020.0,50.067,19.8796,4.4,7.0,0.806,1.334,0.257,1.265,0.265,1.265,0.265,condominium,brick,,yes,yes,yes,yes,no,2550000
2a83d19cced02234fcb982cbb2492bf3,krakow,tenement,48.11,2.0,6.0,6.0,,50.07027245,19.92734206,1.84,36.0,0.281,0.361,0.271,0.362,0.111,0.472,0.111,condominium,brick,premium,no,no,yes,no,yes,650000
5003b28baa43b1483c8e2e0287ab3c44,krakow,apartmentBuilding,37.83,2.0,4.0,6.0,2014.0,50.04646782,19.94965911,1.27,53.0,0.075,0.54,0.222,0.675,0.01,0.794,0.125,condominium,brick,,no,yes,yes,no,no,915000
86ecc8ae66abbd899e03e63e9cf70977,krakow,blockOfFlats,60.07,3.0,3.0,5.0,2014.0,50.0105051,19.9648826,5.33,14.0,0.506,0.541,0.166,0.045,0.036,0.671,0.213,condominium,brick,,no,yes,yes,yes,yes,880000
479f5389d616f1c7b091c1f6d94211c9,krakow,,103.5,5.0,1.0,2.0,2020.0,50.06687914,19.88537773,4.0,2.0,0.869,1.028,0.587,1.122,0.464,0.947,0.468,condominium,brick,,yes,yes,no,no,no,1344000
b78473f361b76dd0e0c7238ada528a9a,krakow,,98.0,3.0,3.0,5.0,,50.0646501,19.9449799,1.14,94.0,0.217,0.403,0.102,0.623,0.042,0.484,0.055,condominium,,,no,no,no,no,no,1990000
5a79dcc47c793567ac0e70de73c27944,krakow,apartmentBuilding,37.83,2.0,4.0,6.0,2014.0,50.04646782,19.94965911,1.27,53.0,0.075,0.54,0.222,0.675,0.01,0.794,0.125,condominium,brick,,no,yes,yes,no,no,915000
499c9af4091693d06e1c229ad033b3e4,krakow,blockOfFlats,26.0,1.0,1.0,4.0,1988.0,50.09268707,19.93409231,4.17,28.0,0.143,0.232,0.193,0.157,0.43,1.058,0.14,cooperative,,low,yes,yes,yes,no,yes,430000
90535cc9844f9d94bbc03c84c33b251f,krakow,,74.3,4.0,,1.0,2011.0,50.090797,19.904802,4.62,4.0,0.554,0.871,0.689,0.372,0.453,1.964,0.339,condominium,brick,,no,yes,no,no,yes,1199000
9e0f8537c956b04383ce6d038c1d62d5,krakow,blockOfFlats,54.0,2.0,2.0,2.0,1950.0,50.0831,20.0388,7.8,17.0,0.116,1.707,0.49,0.121,0.382,0.786,0.417,condominium,brick,,yes,no,no,no,yes,650000
1a5d5b44f4af2a89d8d6085ff8ceca53,krakow,blockOfFlats,64.0,3.0,1.0,4.0,1992.0,50.024314,19.907302,4.1,15.0,0.625,0.53,0.399,0.175,0.272,2.319,0.27,condominium,,low,no,yes,no,no,yes,740000
713a2c882336ca680dee2086269b1584,krakow,,69.0,3.0,1.0,1.0,2004.0,50.014413,19.915917,4.82,1.0,0.736,0.934,0.63,0.223,0.829,3.142,0.782,condominium,,low,yes,yes,no,no,no,1200000
b9fef8533c2b7343722442fedb3c3c3e,krakow,blockOfFlats,50.0,3.0,2.0,4.0,1985.0,50.081423,19.977522,4.03,17.0,0.194,1.173,0.222,0.284,0.049,2.173,0.227,condominium,,,yes,yes,yes,no,yes,845000
9e450e05ed83a3b005a2285b2f0e7400,krakow,blockOfFlats,43.13,2.0,4.0,5.0,2018.0,50.101829,19.961343,5.43,8.0,0.353,1.094,0.505,0.15,0.497,3.026,0.356,condominium,,,no,yes,yes,no,yes,739000
d9b7f629e9b9d185c11538b2fdce1dcb,krakow,blockOfFlats,36.0,2.0,,3.0,1950.0,50.0795,20.0433,7.95,34.0,0.183,1.539,0.088,0.044,0.144,0.738,0.234,condominium,brick,,yes,no,no,no,yes,420000
a2fa278ff2a27901b09b3b6f50544b07,krakow,blockOfFlats,41.3,2.0,3.0,5.0,2012.0,50.089485,19.963472,4.2,15.0,0.526,0.586,0.162,0.237,0.109,2.483,0.138,condominium,,,no,yes,yes,no,no,670000
9491540efbc6325bc6b4f24ab8f21820,krakow,blockOfFlats,49.65,2.0,2.0,5.0,2018.0,50.09767964,19.9362343,4.72,8.0,0.44,0.758,0.384,0.381,0.187,1.633,0.356,condominium,,,no,yes,yes,no,yes,767000
41a2d1077119e3febecf2b54eec240f4,krakow,blockOfFlats,140.4,6.0,3.0,3.0,1992.0,50.071925,19.908321,2.84,25.0,0.198,0.342,0.296,0.492,0.017,0.553,0.081,condominium,brick,,no,no,no,no,yes,1550000
6db7ea3d789d5cf64b9c888f1e3f4fa6,krakow,blockOfFlats,34.0,2.0,,15.0,1958.0,50.07059256,19.900206,3.22,15.0,0.119,0.09,0.347,0.218,0.155,0.464,0.071,cooperative,,,no,no,yes,no,yes,590000
ced0e7508c8050ebb34c7175d5f4c4b1,krakow,blockOfFlats,48.0,3.0,,8.0,2019.0,50.0885128,19.9589118,3.97,10.0,0.815,0.349,0.061,0.44,0.383,2.141,0.423,condominium,brick,,no,no,yes,no,no,850000
a06f69953f2e18e2056796889625d5c2,krakow,blockOfFlats,26.57,1.0,3.0,4.0,2023.0,50.023289,20.048262,8.61,6.0,0.705,3.559,0.18,0.161,0.181,3.445,0.304,condominium,,premium,yes,yes,yes,no,no,550000
54fe66d62da1ad55804456a0a6ee630e,krakow,blockOfFlats,45.41,3.0,2.0,3.0,1952.0,50.07747435,20.0307025,7.03,25.0,0.343,1.702,0.244,0.329,0.06,0.238,0.18,condominium,brick,premium,no,no,no,no,yes,649000
09a0e48828ccb26e5e180f4c29e1e084,krakow,tenement,46.76,2.0,3.0,3.0,1926.0,50.0776421,19.96038645,2.94,10.0,0.443,0.633,0.396,0.527,0.265,1.448,0.444,condominium,brick,,yes,no,no,no,no,649000
a9681c1d473c4cde7338cee5485468c4,krakow,blockOfFlats,36.0,2.0,2.0,7.0,2023.0,50.0478457,19.99416411,4.06,1.0,0.287,0.986,0.504,0.688,0.807,1.413,0.901,condominium,,,no,yes,yes,no,no,535000
1db81732ee231234c380846097b96b29,krakow,blockOfFlats,34.0,2.0,14.0,14.0,2002.0,50.0887939,19.9259967,3.83,17.0,0.218,0.56,0.18,0.151,0.401,0.645,0.165,condominium,,,no,yes,yes,no,yes,610000
1e2deba0bb1c46285a6738ff25f79c40,krakow,blockOfFlats,52.0,3.0,,4.0,1980.0,50.099,19.9758,5.54,3.0,0.856,1.545,0.349,0.793,0.226,2.042,0.571,condominium,concreteSlab,,no,yes,no,no,yes,630000
ede014b57795c4bc49d3fb663225a7a6,krakow,blockOfFlats,57.0,3.0,3.0,3.0,2012.0,50.0172608,19.8956846,5.22,25.0,0.731,0.256,0.169,0.115,0.037,3.374,0.202,condominium,,,yes,yes,yes,no,no,829000
31cff702d0e83f96e19f9e958df586b3,krakow,apartmentBuilding,32.0,2.0,5.0,8.0,2023.0,50.0993844,20.0133325,7.25,18.0,0.317,0.889,0.15,0.127,0.42,1.053,0.136,condominium,brick,,no,yes,yes,no,no,559000
52bab6a5f1b9154f837ad904a0bcaa3e,krakow,,34.5,2.0,2.0,3.0,2010.0,50.03828892,19.94226639,1.91,27.0,0.078,0.993,0.167,0.256,0.043,1.131,0.126,condominium,,,no,no,no,no,yes,768000
d658709db6aed2c9f562a23abc34da10,krakow,blockOfFlats,52.03,2.0,4.0,9.0,2005.0,50.0773,19.9309,2.51,22.0,0.332,0.197,0.476,0.297,0.241,0.563,0.289,condominium,,,yes,yes,yes,no,no,936000
2ddfb2dcb087ee8162ad6977feb3f2c9,krakow,blockOfFlats,46.71,2.0,5.0,7.0,2012.0,50.0856594,19.93192347,3.41,17.0,0.307,0.534,0.249,0.573,0.356,0.274,0.315,condominium,,,yes,yes,yes,no,no,779000
d58f22ce3876b1d946bdeb5699667014,krakow,apartmentBuilding,36.23,2.0,10.0,10.0,2018.0,50.08893481,19.97780943,4.68,10.0,0.525,1.387,0.672,0.268,0.02,1.829,0.2,condominium,brick,premium,yes,yes,yes,no,no,659998
189336cb04abef4d329f52564eaf69dd,krakow,blockOfFlats,57.0,3.0,7.0,10.0,1978.0,50.074908,19.91213,2.88,24.0,0.312,0.336,0.429,0.425,0.084,0.381,0.1,condominium,concreteSlab,low,no,no,yes,no,yes,1100000
863ad85bb71494567174f8abe4bfc101,krakow,tenement,47.1,3.0,,4.0,1960.0,50.0464778,19.9555769,1.57,31.0,0.4,0.56,0.397,0.616,0.035,0.961,0.23,condominium,brick,,no,no,yes,no,no,468645
f9a59b37d7082d680d68204be0122a47,krakow,,111.0,4.0,,,1930.0,50.0816989,19.8956293,4.24,9.0,0.03,0.78,0.494,0.419,0.426,0.981,0.221,condominium,brick,,no,yes,no,no,no,1249000
aa8d4aa26cf70f632d4770c595ae0aec,krakow,tenement,122.0,6.0,3.0,3.0,1930.0,50.06389036,19.96973667,2.43,20.0,0.341,0.492,0.614,0.176,0.153,0.567,0.317,condominium,brick,premium,no,no,no,no,no,1339000
97e65655f0d8658d81bcb9bf45a64c3c,krakow,tenement,72.0,4.0,5.0,6.0,1937.0,50.0562,19.9284,0.72,31.0,0.305,0.379,0.191,0.693,0.029,0.551,0.108,condominium,brick,,yes,no,yes,no,yes,899000
bb61ede68274e0631b78b7497112c789,krakow,blockOfFlats,53.0,3.0,1.0,4.0,1984.0,50.092983,19.975076,4.94,11.0,0.351,1.313,0.431,0.166,0.227,1.973,0.032,condominium,,,yes,yes,no,no,no,749000
32bd721cc44c9469ea362463a10f8441,krakow,tenement,79.0,3.0,,4.0,1915.0,50.050385,19.938523,0.55,86.0,0.234,0.429,0.217,0.24,0.081,0.241,0.261,condominium,brick,,no,no,no,no,yes,1595000
64d1eda45ca35708532972eb3279583e,krakow,blockOfFlats,73.0,3.0,3.0,5.0,1950.0,50.0726,20.0347,7.13,20.0,0.317,1.112,0.308,0.257,0.09,0.469,0.162,condominium,brick,,no,no,yes,no,yes,840000
6676cfa172d318f13ec5fc0d2ab53bea,krakow,,52.41,2.0,,4.0,1960.0,50.073903,20.0275707,6.69,15.0,0.26,1.601,0.027,0.092,0.118,0.552,0.064,condominium,,,no,yes,no,no,yes,650000
dc83cf803f42da416968881cf993f31e,krakow,blockOfFlats,34.0,2.0,,15.0,1965.0,50.07029075,19.89931551,3.25,14.0,0.186,0.11,0.409,0.243,0.091,0.434,0.096,cooperative,concreteSlab,,no,no,yes,no,no,610000
502c967da07cc6b0d95323b402eda684,krakow,apartmentBuilding,62.5,3.0,11.0,12.0,2023.0,50.065836,19.9650421,2.23,17.0,0.267,0.094,0.602,0.55,0.088,0.261,0.085,condominium,brick,,no,yes,yes,no,no,1118750
e8924bd857054bec3f32a6ed6b885a9a,krakow,blockOfFlats,132.0,5.0,2.0,3.0,2007.0,50.0981506,19.9542913,4.9,7.0,0.681,0.656,0.363,0.536,0.219,2.378,0.348,condominium,,premium,yes,yes,no,no,yes,1950000
7216fa70446f789dfd2d54d673089816,krakow,blockOfFlats,35.0,2.0,2.0,3.0,,50.0204118,19.9056567,4.53,15.0,0.947,0.224,0.187,0.242,0.168,2.768,0.222,condominium,,,no,yes,no,no,no,510000
bdcd6a548df311ac8661713db82496b7,krakow,blockOfFlats,71.51,4.0,5.0,5.0,2021.0,50.101712,19.955613,5.3,4.0,0.467,1.032,0.537,0.259,0.131,2.727,0.51,condominium,,premium,yes,yes,yes,no,no,1072650
dc85bf7fea0adab2e414c2eecc44141c,krakow,blockOfFlats,47.0,2.0,1.0,9.0,2021.0,50.1009,20.0096,7.18,12.0,0.355,1.182,0.278,0.291,0.39,1.027,0.194,condominium,,,no,yes,yes,no,no,820000
908a6c75d9eab9cfbbd0722aac82caab,krakow,blockOfFlats,49.0,3.0,6.0,11.0,1979.0,50.0981209,20.0067389,6.81,10.0,0.094,1.13,0.346,0.263,0.309,0.658,0.358,condominium,,,no,yes,yes,no,yes,720000
9bda06474c4ecb00fc06880cecbd0044,krakow,blockOfFlats,45.7,3.0,3.0,4.0,1970.0,50.090012,20.017465,6.83,27.0,0.081,0.352,0.2,0.234,0.12,1.095,0.355,condominium,brick,premium,no,no,no,no,yes,665000
8ca9ba6c251186d424052de085151a04,krakow,,48.1,3.0,1.0,8.0,1973.0,50.06562,19.93481,1.18,143.0,0.092,0.114,0.102,0.28,0.2,0.245,0.2,condominium,,,no,yes,no,no,yes,949000
160d5e22ee08e2779785d8e8029519e6,krakow,blockOfFlats,48.0,3.0,1.0,1.0,1973.0,50.0693689,19.932831,1.62,51.0,0.114,0.417,0.082,0.151,0.227,0.34,0.213,condominium,brick,,no,yes,yes,no,yes,949000
f585c1b316cd499aa3050ed7ceb96771,krakow,apartmentBuilding,53.0,2.0,7.0,7.0,2018.0,50.0954,19.9429,4.47,12.0,0.309,0.682,0.399,0.382,0.233,1.61,0.28,condominium,brick,,no,yes,yes,no,no,950000
9bfa9a1f692cfef47c139057b0da0c81,krakow,blockOfFlats,35.39,3.0,1.0,2.0,1956.0,50.07521,19.903976,3.31,17.0,0.308,0.641,0.446,0.14,0.234,0.706,0.253,condominium,brick,,no,yes,no,no,yes,560000
61eb5f5e014d903fc3a817c549d21f69,krakow,blockOfFlats,34.05,1.0,1.0,3.0,2004.0,50.0165,19.9091,4.8,6.0,0.913,0.621,0.32,0.152,0.332,3.124,0.26,condominium,,,no,no,no,yes,yes,499000
26f6d880cc7b30770bca4dd309a7a397,krakow,blockOfFlats,53.25,3.0,3.0,4.0,2014.0,50.015865,19.89469,5.38,25.0,0.625,0.413,0.267,0.212,0.203,3.544,0.195,condominium,,,no,no,yes,no,no,949000
665a87c2b82c5ace0efa1f11d3e8e580,krakow,,146.0,5.0,1.0,2.0,2016.0,50.0412,19.9145,2.32,2.0,0.836,1.44,1.129,0.496,0.6,0.399,0.876,condominium,,,yes,yes,no,no,yes,1650000
d36267de04f9dcd14863eee1b9dd7ae8,krakow,apartmentBuilding,51.09,2.0,2.0,2.0,2022.0,50.0344,19.879,4.84,1.0,0.746,2.024,2.366,1.555,0.418,2.848,2.054,condominium,brick,,yes,yes,yes,yes,no,549000
d5668718fef288147dcc7778ebcaebb6,krakow,,83.0,4.0,1.0,2.0,1972.0,50.0494,19.926,1.1,22.0,0.146,0.674,0.221,0.187,0.076,0.829,0.215,condominium,,,no,yes,no,no,no,1050000
c937506af7de5b94a19b0f8b122478b8,krakow,blockOfFlats,45.27,2.0,3.0,3.0,2000.0,50.0211,19.9036,4.54,18.0,1.019,0.09,0.318,0.102,0.079,2.747,0.059,condominium,brick,,yes,yes,no,no,yes,629000
1e51f996d3398d0773138f36d59f75a8,krakow,,38.0,2.0,,3.0,2018.0,50.0216331,20.00566448,6.09,2.0,0.423,1.071,0.7,0.312,0.657,1.745,0.636,condominium,,,no,yes,yes,no,no,649000
952b116fb41756fba90f1f3354406d72,krakow,blockOfFlats,54.5,2.0,2.0,7.0,2002.0,50.00884412,20.01506979,7.53,13.0,0.432,0.914,0.493,0.332,0.241,3.243,0.11,condominium,,,yes,yes,yes,no,no,680000
f05bd30cb68aa43aaaa48ff8cdea2b9e,krakow,blockOfFlats,67.32,3.0,,4.0,1956.0,50.07257074,19.91268782,2.66,29.0,0.361,0.075,0.336,0.411,0.145,0.237,0.094,condominium,brick,low,no,no,no,no,yes,940000
8676e6bd4689a3749d2c687f5db37d66,krakow,,105.0,3.0,1.0,1.0,1935.0,50.07179201,19.95840647,2.32,16.0,0.356,0.263,0.275,0.157,0.147,0.831,0.115,condominium,brick,,yes,yes,no,no,yes,1649000
66eabc3dd3967fa585d2d4ebf8db8323,krakow,apartmentBuilding,58.1,3.0,3.0,8.0,2016.0,50.064798,19.967394,2.32,16.0,0.228,0.297,0.569,0.351,0.079,0.394,0.124,condominium,brick,,yes,yes,yes,no,no,1250000
b875d8f235eea972bc805bd1a3e67eaf,krakow,blockOfFlats,41.0,2.0,9.0,10.0,1980.0,50.07582431,19.9813723,3.82,13.0,0.279,0.843,0.146,0.263,0.075,1.865,0.326,cooperative,,,no,yes,yes,no,yes,680000
eaa0468af70ba63443ee4e4e42782c38,krakow,blockOfFlats,31.0,1.0,1.0,5.0,2011.0,50.0722,19.9059,2.99,20.0,0.281,0.454,0.221,0.387,0.143,0.723,0.098,condominium,brick,,no,no,yes,no,no,739000
db1119b72318fe25fc01353b6b960c2c,krakow,blockOfFlats,60.66,2.0,3.0,3.0,2017.0,50.018853,20.057623,9.43,0.0,1.133,3.77,0.503,0.675,0.59,4.267,0.597,condominium,,,no,yes,no,no,no,795000
e34996d6c6c40c5bf09012981c1ee118,krakow,blockOfFlats,41.0,2.0,2.0,3.0,2003.0,50.02069485,20.04891917,8.78,7.0,0.565,3.517,0.197,0.246,0.238,3.625,0.063,cooperative,brick,,no,yes,no,no,no,563000
319a8c40ef680b88a5a37139740954e8,krakow,blockOfFlats,34.0,1.0,1.0,5.0,2014.0,50.0713956,19.954938,2.14,14.0,0.444,0.328,0.414,0.4,0.252,0.899,0.174,condominium,,,no,yes,yes,no,yes,752500
514d7447423f30041590c496b259cebc,krakow,blockOfFlats,71.8,3.0,1.0,2.0,1995.0,50.086239,19.96115,3.8,17.0,0.532,0.327,0.25,0.306,0.267,2.249,0.295,condominium,,,no,yes,no,no,no,1050000
3419d817a40af21fd4bab70086b07f89,krakow,blockOfFlats,42.0,2.0,5.0,10.0,1970.0,50.094424,19.929596,4.4,16.0,0.157,0.53,0.221,0.176,0.41,1.208,0.071,condominium,,,no,yes,yes,no,yes,610000
d29067cb7114878d0c3206ee3de0db8a,krakow,blockOfFlats,62.5,3.0,4.0,7.0,2019.0,50.063562,20.0069278,4.97,6.0,0.801,1.716,0.415,0.092,0.322,2.42,0.656,condominium,,,no,yes,yes,no,no,980000
f80262014329fa3a4ca9a7b5b847c956,krakow,blockOfFlats,58.0,2.0,2.0,3.0,2004.0,50.102,19.9089,5.6,1.0,0.584,1.627,1.717,0.686,1.212,2.539,0.449,condominium,brick,,no,yes,no,yes,no,699000
b57a7cb2fefca5e39b6db4bdf3e69492,krakow,blockOfFlats,61.0,3.0,1.0,3.0,2004.0,49.9995,19.8985,6.83,7.0,0.234,0.648,0.203,0.182,0.181,4.325,0.233,condominium,brick,,no,yes,no,no,no,780000
497b8832e9219a40aeb4154562e22da8,krakow,blockOfFlats,36.0,2.0,2.0,4.0,2003.0,50.01226569,19.94862741,4.84,10.0,0.31,0.811,0.441,0.382,0.213,0.941,0.183,condominium,brick,,no,yes,no,no,no,530000
cc437448e5542198131401849c232134,krakow,blockOfFlats,45.0,2.0,1.0,3.0,2014.0,50.0853729,19.8516692,7.04,4.0,0.327,1.945,0.526,0.399,0.453,3.374,0.197,condominium,brick,,no,yes,yes,no,no,688950
f2c017ac4431106ad2e5e0f51dcb00ec,krakow,blockOfFlats,36.04,2.0,2.0,4.0,2004.0,50.013641,19.950013,4.71,13.0,0.393,0.832,0.266,0.423,0.19,0.993,0.081,condominium,,,no,yes,no,no,no,530000
877205128dff8102131b45f13d093241,krakow,blockOfFlats,46.38,2.0,1.0,3.0,1962.0,50.09355526,20.06010761,9.67,9.0,0.33,1.543,0.2,0.206,0.556,2.643,0.193,condominium,,,no,yes,no,no,yes,650000
cf08205735d9e622a002545e8d7a7642,krakow,,59.9,3.0,,4.0,2022.0,50.020556,20.058224,9.39,0.0,1.197,3.964,0.562,0.613,0.594,4.217,0.602,condominium,,,no,yes,no,no,yes,700000
45f71f1aa159121b9cf94730f19f1235,krakow,blockOfFlats,74.0,3.0,1.0,5.0,2023.0,50.0120908,19.8904354,5.9,7.0,0.462,0.803,0.767,0.3,0.27,4.058,0.275,condominium,,,yes,yes,yes,no,no,1180000
dbff6c33281319934972e417fd56f0f6,krakow,,35.0,1.0,,2.0,1945.0,50.08024819,19.89603268,4.11,9.0,0.13,0.815,0.351,0.426,0.381,0.823,0.084,condominium,,,no,no,no,no,yes,455000
b5e0d9c6503577ea523e59dea332dc2a,krakow,tenement,63.0,3.0,3.0,4.0,1915.0,50.05569857,19.92333181,1.08,21.0,0.451,0.317,0.463,0.584,0.254,0.913,0.157,condominium,brick,,no,yes,no,no,no,1150000
aa80a7d2a17d401addb5ebd40dc1d48d,krakow,apartmentBuilding,66.53,3.0,4.0,6.0,2014.0,50.0345918,19.93293,2.34,9.0,0.132,0.778,0.476,0.44,0.354,1.496,0.484,condominium,brick,premium,yes,yes,yes,no,no,1170000
e43fbe9b5745c76737b8500b862dcba6,krakow,blockOfFlats,48.0,2.0,1.0,3.0,2011.0,50.0043,19.9058,6.13,7.0,0.886,0.756,0.606,0.092,0.072,3.742,0.196,condominium,,,yes,yes,yes,no,no,682000
c2a13af4ab175ece295b69266aab7142,krakow,blockOfFlats,55.88,3.0,10.0,10.0,1970.0,50.083272,20.035468,7.59,21.0,0.311,1.515,0.288,0.124,0.154,0.73,0.26,condominium,concreteSlab,,no,yes,yes,no,no,699000
cb309f25e8360998e00fdd1f9c0ccad8,krakow,apartmentBuilding,31.5,2.0,4.0,4.0,2023.0,50.041638,19.943447,1.56,35.0,0.202,0.629,0.488,0.062,0.07,0.802,0.111,condominium,brick,,yes,no,yes,no,no,615000
f6413e5a03da58a389b15a1885200346,krakow,tenement,34.15,1.0,3.0,3.0,1910.0,50.066651,19.950776,1.54,45.0,0.191,0.153,0.369,0.878,0.069,0.823,0.161,condominium,brick,,no,yes,no,no,no,697000
2b799f644fa45c283c8e631e6067b502,krakow,blockOfFlats,38.0,2.0,5.0,6.0,1950.0,50.0739275,20.0450128,7.88,24.0,0.211,0.91,0.496,0.108,0.191,0.857,0.077,condominium,,,no,yes,yes,no,no,495000
2b44b3b2fecd4d9c9fe5bcbc08b6539d,krakow,blockOfFlats,45.0,2.0,,4.0,2014.0,50.0211,20.0481,8.71,7.0,0.536,3.473,0.27,0.24,0.238,3.552,0.128,condominium,,,no,yes,no,no,no,605000
a5b82503d3457ff69e5ab171ed89ceff,krakow,apartmentBuilding,93.0,4.0,2.0,3.0,2001.0,50.1072645,19.9083104,6.17,1.0,0.178,2.057,1.47,0.973,1.634,3.053,0.803,condominium,brick,,yes,yes,no,yes,yes,998000
27be4cc2a6bf1c7b5de652c5cbbeb5b6,krakow,blockOfFlats,26.0,1.0,,,2017.0,50.0834536,19.9466961,3.19,10.0,0.66,0.402,0.166,0.117,0.148,1.198,0.178,condominium,,,no,no,yes,no,no,660000
5d1bbc9addb266220421caee56481d27,krakow,blockOfFlats,61.6,3.0,3.0,4.0,2009.0,50.022951,19.9017976,4.45,14.0,1.046,0.26,0.56,0.196,0.018,2.611,0.212,condominium,,,yes,yes,yes,no,yes,890000
1f822eead002ff0f80c42c46167f65fb,krakow,blockOfFlats,62.0,3.0,3.0,4.0,2010.0,50.0219311,19.9037512,4.46,16.0,0.963,0.166,0.396,0.167,0.122,2.657,0.111,condominium,,,no,yes,yes,no,no,915000
e4a078438eafe88dd549405c572ae4fa,krakow,blockOfFlats,59.0,3.0,6.0,10.0,1977.0,50.015412,19.999655,6.23,11.0,0.301,0.359,0.143,0.342,0.657,2.469,0.317,condominium,,,no,yes,yes,no,yes,720000
e96aa0ff92684d5c96f25eacf8bcdc12,krakow,blockOfFlats,46.0,3.0,10.0,10.0,1980.0,50.08677,19.94269,3.51,17.0,0.333,0.311,0.307,0.097,0.303,0.979,0.29,condominium,,,no,yes,yes,no,yes,619000
e139914acf9e2b50e7ba0d3c4a3a648b,krakow,blockOfFlats,120.0,6.0,4.0,5.0,2005.0,50.08121449,19.9741784,3.85,20.0,0.141,1.008,0.196,0.203,0.043,2.04,0.064,condominium,,,no,yes,yes,no,no,1520000
c6cce60b750669d5dc02acf258b6f593,krakow,blockOfFlats,85.52,3.0,2.0,8.0,2010.0,50.077909,19.891176,4.21,14.0,0.306,0.58,0.423,0.193,0.061,0.614,0.35,condominium,,,no,yes,yes,no,no,1188000
2c6de8cc442ab517a89e7477f0c8ebe2,krakow,,92.34,4.0,3.0,4.0,2021.0,50.09247509,20.02683347,7.54,12.0,0.288,0.48,0.287,0.146,0.408,1.72,0.303,condominium,,,no,yes,yes,no,no,1200000
05f8de0a8795e9efd9fa13d6611cdd6f,krakow,blockOfFlats,61.34,3.0,2.0,4.0,2008.0,50.0043,19.9058,6.13,7.0,0.886,0.756,0.606,0.092,0.072,3.742,0.196,condominium,,,yes,yes,no,no,yes,780000
1bccdba6d6441a4b5b8accd355e6294f,krakow,apartmentBuilding,58.16,3.0,,5.0,2022.0,50.0456469,20.0000319,4.53,4.0,0.587,1.109,0.024,0.339,0.596,0.998,0.592,condominium,brick,,no,no,yes,no,no,924744
78e2844b302b91ae5a05e6566f122e9b,krakow,blockOfFlats,39.42,2.0,11.0,11.0,1978.0,50.0267,19.9294,3.24,8.0,0.35,0.658,0.148,0.149,0.105,2.091,0.131,condominium,concreteSlab,,yes,no,yes,no,no,459000
d252a56137618a27b6a1e2df763420ed,krakow,blockOfFlats,62.01,3.0,2.0,5.0,2023.0,50.10160595,19.95150168,5.23,3.0,0.513,1.083,0.719,0.489,0.191,2.529,0.694,condominium,,,no,yes,yes,no,no,760000
57bf96d3d7d2261423c18a85d0bf3bf2,krakow,blockOfFlats,44.4,3.0,2.0,10.0,1978.0,50.0792,19.897,3.98,14.0,0.266,0.903,0.224,0.297,0.38,0.719,0.142,condominium,concreteSlab,,no,no,yes,no,yes,640000
79bcd7f79ccbeef86e41cb5f0fa9497d,krakow,apartmentBuilding,37.9,2.0,1.0,5.0,2022.0,50.0643458,19.988822,3.73,1.0,0.672,0.566,0.888,0.562,0.347,1.923,0.64,condominium,brick,,no,yes,yes,no,yes,754000
c60449e37f0a200368ad23f99146ce7d,krakow,blockOfFlats,28.0,1.0,,2.0,2000.0,50.0794,19.9028,3.7,10.0,0.571,1.073,0.275,0.412,0.038,0.923,0.216,condominium,brick,,no,no,no,no,no,379000
603ea3a32163fee71c84cdb4321b5014,krakow,,39.0,2.0,2.0,2.0,,50.0838471,19.9012345,4.14,9.0,0.106,0.861,0.178,0.048,0.389,1.303,0.576,condominium,,,no,yes,no,no,yes,660000
5896b7d0f27dccce06c70ed617818a7a,krakow,apartmentBuilding,40.0,2.0,,3.0,2001.0,50.0766,19.895,3.9,14.0,0.124,0.854,0.364,0.188,0.263,0.413,0.348,condominium,brick,,yes,no,yes,yes,yes,629000
5e9d5acda3a402be62e5864a368d0c6f,krakow,,67.0,4.0,,2.0,2021.0,50.0922368,19.8720594,6.27,2.0,0.965,0.311,0.885,0.717,1.166,2.693,1.379,condominium,,,no,yes,no,no,no,1085000
ff295582bb1d60acf48e35c1ef6b8745,krakow,blockOfFlats,65.0,2.0,1.0,4.0,2000.0,50.02009316,19.90149736,4.72,28.0,1.007,0.098,0.331,0.091,0.141,2.908,0.149,condominium,,premium,yes,yes,no,no,no,960000
f204bbd740306823f9da3c42ba511880,krakow,tenement,40.0,2.0,5.0,5.0,1935.0,50.0729376,19.9326459,2.0,26.0,0.317,0.153,0.227,0.23,0.103,0.064,0.136,condominium,brick,,no,no,yes,no,no,450000
6c9f5f2dadfdeb596aeb9c6399ebfb7c,krakow,blockOfFlats,55.0,2.0,1.0,1.0,1955.0,50.098017,19.912055,5.11,3.0,0.732,1.55,1.259,0.216,0.928,2.051,0.065,condominium,brick,low,no,no,,no,no,680000
aa1757e0535ed648fe33e17e98617a47,krakow,,62.57,3.0,3.0,4.0,2019.0,50.05041546,19.92602348,1.04,21.0,0.117,0.595,0.118,0.147,0.055,0.915,0.105,condominium,,premium,no,yes,yes,no,no,1063000
71a20a6b9b7640f1fcd837ee818d066c,krakow,apartmentBuilding,46.76,2.0,14.0,14.0,2022.0,50.0784863,19.8940399,4.09,11.0,0.304,0.726,0.398,0.316,0.155,0.624,0.161,condominium,brick,premium,yes,yes,yes,no,no,1050000
7128165c9c33a81fb198d0977172e394,krakow,blockOfFlats,53.0,3.0,1.0,4.0,1980.0,50.0991,19.9824,5.79,1.0,1.121,1.977,0.746,0.47,0.532,1.611,0.766,condominium,concreteSlab,premium,yes,yes,no,no,yes,749000
ebadcf92decc0fa2c3533ddfcc66b946,krakow,apartmentBuilding,42.62,2.0,1.0,5.0,2015.0,50.0991,19.9824,5.79,1.0,1.121,1.977,0.746,0.47,0.532,1.611,0.766,condominium,brick,premium,yes,yes,yes,no,yes,729000
8c7da7c2cf88ba7203a0b4d1242b1d44,krakow,blockOfFlats,66.0,3.0,1.0,4.0,1980.0,50.099431,20.011962,7.18,15.0,0.331,0.949,0.086,0.164,0.386,0.99,0.069,condominium,concreteSlab,low,no,yes,no,no,yes,790000
3583b68f11e42a60aac6c88c3fc4450c,krakow,blockOfFlats,61.0,4.0,4.0,5.0,1970.0,50.0818226,19.9546461,3.17,6.0,0.102,0.446,0.239,0.262,0.292,1.776,0.208,condominium,brick,,no,yes,no,no,no,926000
13f327798eb3a61a14bae1717aeee8ad,krakow,blockOfFlats,54.0,3.0,4.0,4.0,1975.0,50.100542,20.011736,7.26,17.0,0.399,1.059,0.203,0.263,0.398,1.075,0.109,condominium,,,no,yes,no,no,yes,640000
bbe613d6c443603bf0cf07c74a82f73b,krakow,apartmentBuilding,36.09,2.0,3.0,7.0,2018.0,50.0492984,19.9620819,1.81,18.0,0.123,0.082,0.535,0.14,0.029,0.838,0.518,condominium,brick,,no,yes,yes,no,no,699000
0613be1fe6c7f2c3446e7c2c1f027d60,krakow,,38.5,2.0,2.0,5.0,2016.0,50.08478,19.897721,4.38,10.0,0.326,0.597,0.288,0.255,0.149,1.339,0.316,condominium,,,yes,yes,yes,no,yes,660000
d27213a45ef8b8b1d42421fc8f4cddec,krakow,blockOfFlats,39.5,2.0,1.0,8.0,2015.0,50.094746,20.011339,6.8,15.0,0.421,0.667,0.281,0.349,0.104,0.651,0.122,condominium,,,no,yes,yes,no,no,585000
0064d49ee52ce7c62ee09543de7ce543,krakow,blockOfFlats,49.0,3.0,,4.0,1980.0,50.081665,19.950625,3.06,7.0,0.327,0.652,0.356,0.269,0.421,1.493,0.248,condominium,brick,,no,yes,no,no,yes,680000
9985487015c115b2a7826806a8c3cc5d,krakow,blockOfFlats,41.94,2.0,1.0,4.0,2015.0,50.0463493,19.9508941,1.33,50.0,0.082,0.63,0.193,0.636,0.059,0.883,0.15,condominium,,,no,yes,yes,no,no,935000
6787028dcffd9cfaa880b2b42dcc3d44,krakow,apartmentBuilding,121.5,4.0,,,2008.0,50.0937729,19.90427823,4.92,3.0,0.883,0.859,0.963,0.248,0.594,2.152,0.345,condominium,brick,premium,yes,yes,no,no,no,1440000
bf2ff4798dfd88cfc38576d7ae94d0a7,krakow,blockOfFlats,54.59,3.0,11.0,15.0,2017.0,50.07986485,20.00240828,5.32,15.0,0.45,1.82,0.276,0.284,0.082,1.437,0.061,condominium,,premium,no,yes,yes,no,no,980000
f08e29f6e64d4d0db6b68013a5bbb7ac,krakow,blockOfFlats,44.09,3.0,2.0,4.0,1970.0,50.09043015,20.01813425,6.9,24.0,0.134,0.287,0.259,0.264,0.054,1.13,0.295,condominium,concreteSlab,premium,no,no,no,no,yes,699000
86fc34316c378e1012a649121531787f,krakow,tenement,41.1,2.0,3.0,3.0,1910.0,50.0657825,19.9506936,1.46,52.0,0.261,0.057,0.331,0.944,0.029,0.808,0.074,condominium,brick,,no,yes,no,no,no,697000
06c5fc3ed9e8d5f65aa8964451604a39,krakow,blockOfFlats,141.0,6.0,3.0,4.0,1991.0,50.0717712,19.9084645,2.82,25.0,0.182,0.333,0.294,0.478,0.005,0.546,0.098,condominium,,,no,no,no,no,no,1550000
bf6afc10a4ee99bce897412a4ddb101e,krakow,blockOfFlats,54.3,3.0,7.0,10.0,1975.0,50.079882,19.884202,4.74,13.0,0.287,0.133,0.156,0.172,0.175,1.083,0.146,condominium,concreteSlab,,no,no,yes,no,no,795000
56b7af6f5a59695994eeb22f910b35e9,krakow,blockOfFlats,63.8,3.0,2.0,6.0,2023.0,50.0850087,19.8878891,4.89,11.0,0.422,0.414,0.576,0.075,0.073,1.434,0.43,condominium,,,no,yes,yes,no,no,1130000
2e7495098dd6195fb02e4cfead417f4f,krakow,apartmentBuilding,55.55,3.0,1.0,5.0,2022.0,50.0409078,19.9830911,3.57,5.0,0.777,0.283,0.159,0.289,0.523,1.633,0.609,condominium,brick,,no,no,yes,no,no,938795
